{
  "mean": [
    737.0987589929224,
    2.0977589031126977,
    11.337901127493495,
    3.06470078057242,
    2.6633389656109214,
    0.41416449378253156,
    0.005233352133629554,
    0.04021797425619155,
    -0.03760873051982734,
    -0.01397823293232735,
    -0.0005725018394631474,
    0.31257588898525585,
    0.3769297484822203,
    0.3857762359063313,
    14.975715524718126,
    783.7725772527114,
    2399.1807960816336,
    9646.143575951195,
    11477.731520999554,
    6.484822202948829,
    4.498352124891587,
    13.459670424978317,
    7.209019947961838,
    0.9904455764821349,
    0.14322747888008372,
    -0.003976665182340061,
    0.6785776235906331,
    0.6678230702515178,
    0.3464006938421509,
    27.890893321769298,
    27.440589765828275,
    663.9392997795205,
    1372.4026486072105,
    2.1927148134081884,
    3.853042615355391
  ],
  "scale": [
    7651.560200245807,
    12.443804312267098,
    6.708472444093045,
    1.9966522983468487,
    2.6580353266208046,
    0.7936114885383536,
    0.00391457676444138,
    0.7106174276338504,
    0.7014206793918074,
    0.7280467056117361,
    0.6853847647078475,
    0.46354309682092437,
    0.4846170789307269,
    0.486778113431853,
    6.549519161305837,
    2159.2392201728658,
    7952.8678308834815,
    34245.63109392438,
    34844.930016893646,
    1.2750131841406693,
    0.661837221229222,
    0.7590875718149133,
    0.9764913172939059,
    2.522230548813247,
    0.2982139389687024,
    0.9948958294645647,
    0.4670225180360388,
    0.4709940733080982,
    0.475822711887345,
    19.731486198395352,
    19.88202368759533,
    3128.878909179694,
    7352.264811534846,
    6.824108786141592,
    11.860928566459362
  ],
  "feature_names": [
    "amount",
    "fee",
    "hour_of_day",
    "day_of_week",
    "amount_log",
    "fee_log",
    "fee_ratio",
    "hour_sin",
    "hour_cos",
    "day_sin",
    "day_cos",
    "is_weekend",
    "is_night",
    "is_business_hours",
    "user_total_tx",
    "user_avg_amount",
    "user_std_amount",
    "user_max_amount",
    "user_total_volume",
    "user_currencies",
    "user_tx_types",
    "user_account_age_days",
    "user_days_since_last_tx",
    "amount_vs_user_avg",
    "amount_vs_user_max",
    "amount_zscore",
    "has_from_address",
    "has_to_address",
    "has_both_addresses",
    "from_address_len",
    "to_address_len",
    "amount_rolling_mean",
    "amount_rolling_std",
    "fee_rolling_mean",
    "fee_rolling_std"
  ]
}