{
  "mean": [
    741.1652569638129,
    2.083868508384819,
    11.34739629302736,
    3.0305383936451897,
    2.6046910010624025,
    0.3990545903523656,
    0.005111447995522117,
    0.03550769602449119,
    -0.02157453791138401,
    0.0029846916793142587,
    0.0033453875182923422,
    0.30044130626654897,
    0.38358340688437775,
    0.37493380406001764,
    14.763283318623124,
    788.133270643165,
    2412.3235794095017,
    9646.526186566638,
    11363.086648208298,
    6.4683142100617825,
    4.480494263018535,
    8.323389232127097,
    2.372639011473963,
    0.9870983651344046,
    0.14049268394088066,
    -0.005554138022778814,
    0.6729037952338923,
    0.6619593998234775,
    0.33486319505736983,
    28.26195939982348,
    27.802294792586054,
    657.7106065946776,
    1349.3588020097766,
    2.197196166456521,
    3.8530648642212104
  ],
  "scale": [
    7718.65573486974,
    12.551198919940642,
    6.766830530406486,
    1.9974262723972398,
    2.64171720913401,
    0.7901505615641513,
    0.002646282922587013,
    0.7158545653601754,
    0.6970121836022215,
    0.7230631774899834,
    0.6907673568981244,
    0.4584499184811779,
    0.48625834373031757,
    0.48410582173023076,
    6.525982599151337,
    2194.0792413039117,
    8014.9932815083885,
    34339.74600981668,
    34929.69417946044,
    1.2851629656643881,
    0.670931511962785,
    0.7769348113593947,
    0.5957126976510675,
    2.5435901935700937,
    0.2968672240857297,
    0.9930288642443613,
    0.4691527231016743,
    0.473042442925388,
    0.4719426190262326,
    19.70441437027032,
    19.8677826028663,
    3132.2331651018217,
    7316.739566228047,
    6.87813380365648,
    11.941111403444536
  ],
  "feature_names": [
    "amount",
    "fee",
    "hour_of_day",
    "day_of_week",
    "amount_log",
    "fee_log",
    "fee_ratio",
    "hour_sin",
    "hour_cos",
    "day_sin",
    "day_cos",
    "is_weekend",
    "is_night",
    "is_business_hours",
    "user_total_tx",
    "user_avg_amount",
    "user_std_amount",
    "user_max_amount",
    "user_total_volume",
    "user_currencies",
    "user_tx_types",
    "user_account_age_days",
    "user_days_since_last_tx",
    "amount_vs_user_avg",
    "amount_vs_user_max",
    "amount_zscore",
    "has_from_address",
    "has_to_address",
    "has_both_addresses",
    "from_address_len",
    "to_address_len",
    "amount_rolling_mean",
    "amount_rolling_std",
    "fee_rolling_mean",
    "fee_rolling_std"
  ]
}