{
  "mean": [
    5711.2174660818355,
    51.23614111752817,
    12.277914361811105,
    3.047736119647613,
    7.37657446854534,
    2.2039779119324097,
    0.01269408725023467,
    -0.11010780682758,
    -0.514229220394515,
    -0.008790893338600773,
    -0.04609450473624619,
    0.2770948576111453,
    0.1328621184183569,
    0.7975824626101209,
    21.305162876459743,
    5733.675684714094,
    12924.140246992789,
    54432.83163898024,
    125216.60480998873,
    3.296455644335177,
    4.943761524277812,
    27.943454210202827,
    0.16431059209178447,
    0.9976351547478945,
    0.1933723508724323,
    -0.002148158762396659,
    1.0,
    1.0,
    1.0,
    42.0,
    42.0,
    5663.157519459612,
    9386.113761998404,
    50.67953945103151,
    103.76839778948666
  ],
  "scale": [
    15690.682639444556,
    187.43052628894932,
    4.543863238494083,
    1.9553444055561433,
    1.2848724975118035,
    1.3098052561800064,
    0.05948953913268135,
    0.6273944080860929,
    0.5743003016457249,
    0.699159174329055,
    0.7134244639616331,
    0.44756373568085744,
    0.3394256559362351,
    0.40180178937741934,
    4.772148245000619,
    3450.7206273539896,
    8240.984730170068,
    32237.468126143245,
    84615.9421006808,
    0.9626319392639575,
    0.23038166066471727,
    1.5871457479009614,
    1.694697063395549,
    2.3225448188328,
    0.3076985595115273,
    1.000246735005369,
    1.0,
    1.0,
    1.0,
    1.0,
    1.0,
    6952.52491793142,
    12055.277272680885,
    78.10554585703964,
    151.32482209582216
  ],
  "feature_names": [
    "amount",
    "fee",
    "hour_of_day",
    "day_of_week",
    "amount_log",
    "fee_log",
    "fee_ratio",
    "hour_sin",
    "hour_cos",
    "day_sin",
    "day_cos",
    "is_weekend",
    "is_night",
    "is_business_hours",
    "user_total_tx",
    "user_avg_amount",
    "user_std_amount",
    "user_max_amount",
    "user_total_volume",
    "user_currencies",
    "user_tx_types",
    "user_account_age_days",
    "user_days_since_last_tx",
    "amount_vs_user_avg",
    "amount_vs_user_max",
    "amount_zscore",
    "has_from_address",
    "has_to_address",
    "has_both_addresses",
    "from_address_len",
    "to_address_len",
    "amount_rolling_mean",
    "amount_rolling_std",
    "fee_rolling_mean",
    "fee_rolling_std"
  ]
}