{
  "mean": [
    740.8096580842996,
    2.7130761281714237,
    11.375277067348678,
    3.063597612958227,
    2.715053046236301,
    0.4355476730474443,
    0.00538282609434032,
    0.03293983400974013,
    -0.05253404802778619,
    -0.006342052675722252,
    -0.015924528541303808,
    0.3072463768115942,
    0.3705029838022165,
    0.3962489343563512,
    15.242625745950555,
    786.3857630572035,
    2402.8144612898195,
    9711.338248321837,
    11709.310308028156,
    6.517306052855925,
    4.513725490196078,
    13.502472293265132,
    6.618243819266837,
    0.992185392228165,
    0.14356776525668133,
    -0.0031316557170959548,
    0.6768968456947997,
    0.6678601875532821,
    0.3447570332480818,
    27.8306905370844,
    27.452514919011083,
    669.0720600780999,
    1390.1577487194702,
    2.2814951499909877,
    4.107557492769551
  ],
  "scale": [
    7591.186266323813,
    19.432716746999784,
    6.657406379803052,
    1.9795750786377393,
    2.6698631004969178,
    0.8258514946892026,
    0.004336579304506209,
    0.7068719605159257,
    0.7046184588623807,
    0.7241381803220598,
    0.6894418637988643,
    0.46135240407712413,
    0.4829394607980083,
    0.4891172828451345,
    6.61118099605333,
    2138.225694259993,
    7885.583256871626,
    34087.48666388769,
    34796.589281378365,
    1.270458726964353,
    0.6532945033486643,
    0.7335829403630901,
    2.5104809425462795,
    2.5212972217135907,
    0.2971839302154684,
    0.9952725276724033,
    0.4676617431255525,
    0.4709808461440623,
    0.4752889871163257,
    19.75421383690812,
    19.87996813532083,
    3119.7624998702013,
    7358.737288412973,
    7.042295337438258,
    13.040635853527629
  ],
  "feature_names": [
    "amount",
    "fee",
    "hour_of_day",
    "day_of_week",
    "amount_log",
    "fee_log",
    "fee_ratio",
    "hour_sin",
    "hour_cos",
    "day_sin",
    "day_cos",
    "is_weekend",
    "is_night",
    "is_business_hours",
    "user_total_tx",
    "user_avg_amount",
    "user_std_amount",
    "user_max_amount",
    "user_total_volume",
    "user_currencies",
    "user_tx_types",
    "user_account_age_days",
    "user_days_since_last_tx",
    "amount_vs_user_avg",
    "amount_vs_user_max",
    "amount_zscore",
    "has_from_address",
    "has_to_address",
    "has_both_addresses",
    "from_address_len",
    "to_address_len",
    "amount_rolling_mean",
    "amount_rolling_std",
    "fee_rolling_mean",
    "fee_rolling_std"
  ]
}